titulo,empresa,ciudad,modalidad,fecha,link
Business Developer para consultor de Recursos Humanos,LideRHa,"Córdoba, Córdoba",Remoto,Hace  4  horas,https://ar.computrabajo.com/ofertas-de-trabajo/oferta-de-trabajo-de-business-developer-para-consultor-de-recursos-humanos-cordoba-capital-en-cordoba-984799454385033A61373E686DCF3405#lc=ListOffers-Score4-0
Senior Backend Python Developer,Kaizen Recursos Humanos,"Monserrat, Capital Federal",Remoto,Hace  7  horas,https://ar.computrabajo.com/ofertas-de-trabajo/oferta-de-trabajo-de-senior-backend-python-developer-remoto-para-residentes-en-argentina-en-monserrat-145645B09A88886561373E686DCF3405#lc=ListOffers-Score4-1
Ref. 21290: Azure Developer /  Remoto AMBA,ADN - Recursos Humanos,"Recoleta, Capital Federal",Remoto,Hace  9  horas,https://ar.computrabajo.com/ofertas-de-trabajo/oferta-de-trabajo-de-ref-21290-azure-developer--remoto-amba-en-recoleta-08BA767A3219802661373E686DCF3405#lc=ListOffers-Score4-2
Ref. 21292: Vermilion Engineer / Developer / Remoto AMBA,ADN - Recursos Humanos,"Recoleta, Capital Federal",Remoto,Hace  9  horas,https://ar.computrabajo.com/ofertas-de-trabajo/oferta-de-trabajo-de-ref-21292-vermilion-engineer-developer-remoto-amba-en-recoleta-2614DC4CB11EC23A61373E686DCF3405#lc=ListOffers-Score4-3
Ref. 20595: Desarrollador Python / FastAPI / Remoto,ADN - Recursos Humanos,"Recoleta, Capital Federal",Remoto,Hace  9  horas,https://ar.computrabajo.com/ofertas-de-trabajo/oferta-de-trabajo-de-ref-20595-desarrollador-python-fastapi-remoto-en-recoleta-C943033CF0F6406661373E686DCF3405#lc=ListOffers-Score4-4
Ref. 21292: Analista Power BI / Developer / Remoto AMBA,ADN - Recursos Humanos,"Recoleta, Capital Federal",Remoto,Hace  9  horas,https://ar.computrabajo.com/ofertas-de-trabajo/oferta-de-trabajo-de-ref-21292-analista-power-bi-developer-remoto-amba-en-recoleta-9608D7E03476BAB061373E686DCF3405#lc=ListOffers-Score4-5
Desarrollador Python Senior / Remoto,ADN - Recursos Humanos,"Palermo, Capital Federal",Remoto,Hace  11  horas,https://ar.computrabajo.com/ofertas-de-trabajo/oferta-de-trabajo-de-desarrollador-python-senior-remoto-en-palermo-2989097B8E055F1F61373E686DCF3405#lc=ListOffers-Score4-6
Desarrollador Frontend React Native,Fortia RH,"Córdoba, Córdoba",Remoto,Hace  15  horas,https://ar.computrabajo.com/ofertas-de-trabajo/oferta-de-trabajo-de-desarrollador-frontend-react-native-software-factory-en-cordoba-5630BD98DEE22CA961373E686DCF3405#lc=ListOffers-Score4-7
Desarrollador Backend .Net,Fortia RH,"Córdoba, Córdoba",Remoto,Hace  16  horas,https://ar.computrabajo.com/ofertas-de-trabajo/oferta-de-trabajo-de-desarrollador-backend-net-c-en-cordoba-6CB065423F4C3AD661373E686DCF3405#lc=ListOffers-Score4-8
Senior Backend Python Developer,Kaizen Recursos Humanos,"Monserrat, Capital Federal",Remoto,Hace  8  horas,https://ar.computrabajo.com/ofertas-de-trabajo/oferta-de-trabajo-de-senior-backend-python-developer-remoto-para-residentes-en-argentina-en-monserrat-788376B0FA65A4D661373E686DCF3405#lc=ListOffers-Score4-9
Ref. 21290: Azure Developer /  Remoto AMBA,ADN - Recursos Humanos,"Recoleta, Capital Federal",Remoto,Hace  9  horas,https://ar.computrabajo.com/ofertas-de-trabajo/oferta-de-trabajo-de-ref-21290-azure-developer--remoto-amba-en-recoleta-35757FF54BD70AC261373E686DCF3405#lc=ListOffers-Score4-10
Ref. 20595: Desarrollador Python / FastAPI / Remoto,ADN - Recursos Humanos,"Recoleta, Capital Federal",Remoto,Hace  9  horas,https://ar.computrabajo.com/ofertas-de-trabajo/oferta-de-trabajo-de-ref-20595-desarrollador-python-fastapi-remoto-en-recoleta-04478AE03B82872E61373E686DCF3405#lc=ListOffers-Score4-11
Ref 5819 Desarrollador Oracle Forms Report Apex,IMPLEMENTAR Consultores  SRL,"Monserrat, Capital Federal",Remoto,Ayer,https://ar.computrabajo.com/ofertas-de-trabajo/oferta-de-trabajo-de-ref-5819-desarrollador-oracle-forms-report-apex-mas-de-4-anos-en-posicion-similar-en-monserrat-41D18CA02E0C6E3461373E686DCF3405#lc=ListOffers-Score4-12
Senior Backend Python Developer,Kaizen Recursos Humanos,"Monserrat, Capital Federal",Remoto,Hace  8  horas,https://ar.computrabajo.com/ofertas-de-trabajo/oferta-de-trabajo-de-senior-backend-python-developer-remoto-para-residentes-en-argentina-en-monserrat-EB477F178FB53E3D61373E686DCF3405#lc=ListOffers-Score4-13
Ref. 21285: Senior Full Stack Developer / Remoto Argentina,ADN - Recursos Humanos,"Recoleta, Capital Federal",Remoto,Hace  2  días,https://ar.computrabajo.com/ofertas-de-trabajo/oferta-de-trabajo-de-ref-21285-senior-full-stack-developer-remoto-argentina-en-recoleta-50EA80483874FB4061373E686DCF3405#lc=ListOffers-Score4-14
Python Developer,ADN - Recursos Humanos,"Parque Patricios, Capital Federal",Remoto,Hace  2  días,https://ar.computrabajo.com/ofertas-de-trabajo/oferta-de-trabajo-de-python-developer-hibrido-parque-patricios-caba-en-parque-patricios-7311EF49634C570961373E686DCF3405#lc=ListOffers-Score4-15
Senior Full Stack Developer,ADN - Recursos Humanos,"Recoleta, Capital Federal",Remoto,Hace  2  días,https://ar.computrabajo.com/ofertas-de-trabajo/oferta-de-trabajo-de-senior-full-stack-developer-remoto-en-recoleta-B6CE3667F0EC9B9D61373E686DCF3405#lc=ListOffers-Score4-16
Vermilion Engineer  Developer,ADN - Recursos Humanos,"Parque Patricios, Capital Federal",Remoto,Hace  2  días,https://ar.computrabajo.com/ofertas-de-trabajo/oferta-de-trabajo-de-vermilion-engineer-developer-remoto-en-parque-patricios-10359EEA235CE14961373E686DCF3405#lc=ListOffers-Score4-17
React Developer,ADN - Recursos Humanos,"Parque Patricios, Capital Federal",Remoto,Hace  2  días,https://ar.computrabajo.com/ofertas-de-trabajo/oferta-de-trabajo-de-react-developer-remoto-en-parque-patricios-1BE2E892C2C7203761373E686DCF3405#lc=ListOffers-Score4-18
Senior Backend Python Developer,Kaizen Recursos Humanos,"Monserrat, Capital Federal",Remoto,Hace  10  horas,https://ar.computrabajo.com/ofertas-de-trabajo/oferta-de-trabajo-de-senior-backend-python-developer-remoto-para-residentes-en-argentina-en-monserrat-9054954F9ADAAA2B61373E686DCF3405#lc=ListOffers-Score4-19
